n,linear,RF
0.0001,0.6364224,0.656775
0.001,0.6639208,0.7227223
0.01,0.6824106,0.7807236
0.1,0.6841957,0.8037894
1,0.6839575,0.8165822
10,0.6838513,0.8247267
